{
    "1_-1_105": {
        "bus": 1,
        "channel": -1,
        "address": 105,
        "acc": [
            [
                1.0046725334780797,
                -0.08802109921645584
            ],
            [
                0.9973495496430873,
                -0.3557273520438271
            ],
            [
                0.9865097713873253,
                -0.4338767546543527
            ]
        ],
        "gyro": [
            0.04268983311530854,
            0.03155057596061235,
            0.0031497738844585145
        ],
        "mag": []
    }
}